{
    "apiVersion": "v1",
    "items": [
        {
            "apiVersion": "v1",
            "kind": "Node",
            "metadata": {
                "annotations": {
                    "node.alpha.kubernetes.io/ttl": "0",
                    "volumes.kubernetes.io/controller-managed-attach-detach": "true"
                },
                "creationTimestamp": "2020-08-02T14:09:12Z",
                "labels": {
                    "beta.kubernetes.io/arch": "amd64",
                    "beta.kubernetes.io/instance-type": "n1-standard-1",
                    "beta.kubernetes.io/os": "linux",
                    "failure-domain.beta.kubernetes.io/region": "asia-southeast1",
                    "failure-domain.beta.kubernetes.io/zone": "asia-southeast1-a",
                    "kops.k8s.io/instancegroup": "master-asia-southeast1-a",
                    "kubernetes.io/arch": "amd64",
                    "kubernetes.io/hostname": "master-asia-southeast1-a-z043",
                    "kubernetes.io/os": "linux",
                    "kubernetes.io/role": "master",
                    "node-role.kubernetes.io/master": "",
                    "node.kubernetes.io/instance-type": "n1-standard-1",
                    "topology.kubernetes.io/region": "asia-southeast1",
                    "topology.kubernetes.io/zone": "asia-southeast1-a"
                },
                "name": "master-asia-southeast1-a-z043",
                "resourceVersion": "251270",
                "selfLink": "/api/v1/nodes/master-asia-southeast1-a-z043",
                "uid": "814abdb9-b0bc-498d-8728-c1f46c505fad"
            },
            "spec": {
                "podCIDR": "100.96.0.0/24",
                "podCIDRs": [
                    "100.96.0.0/24"
                ],
                "providerID": "gce://tel4vn/asia-southeast1-a/master-asia-southeast1-a-z043",
                "taints": [
                    {
                        "effect": "NoSchedule",
                        "key": "node-role.kubernetes.io/master"
                    }
                ]
            },
            "status": {
                "addresses": [
                    {
                        "address": "10.148.0.41",
                        "type": "InternalIP"
                    },
                    {
                        "address": "35.247.183.109",
                        "type": "ExternalIP"
                    },
                    {
                        "address": "master-asia-southeast1-a-z043.asia-southeast1-a.c.tel4vn.internal",
                        "type": "InternalDNS"
                    },
                    {
                        "address": "master-asia-southeast1-a-z043.asia-southeast1-a.c.tel4vn.internal",
                        "type": "Hostname"
                    }
                ],
                "allocatable": {
                    "attachable-volumes-gce-pd": "127",
                    "cpu": "1",
                    "ephemeral-storage": "56871795823",
                    "hugepages-2Mi": "0",
                    "memory": "3683544Ki",
                    "pods": "110"
                },
                "capacity": {
                    "attachable-volumes-gce-pd": "127",
                    "cpu": "1",
                    "ephemeral-storage": "61709848Ki",
                    "hugepages-2Mi": "0",
                    "memory": "3785944Ki",
                    "pods": "110"
                },
                "conditions": [
                    {
                        "lastHeartbeatTime": "2020-08-02T14:09:19Z",
                        "lastTransitionTime": "2020-08-02T14:09:19Z",
                        "message": "RouteController created a route",
                        "reason": "RouteCreated",
                        "status": "False",
                        "type": "NetworkUnavailable"
                    },
                    {
                        "lastHeartbeatTime": "2020-08-03T13:20:13Z",
                        "lastTransitionTime": "2020-08-02T14:09:12Z",
                        "message": "kubelet has sufficient memory available",
                        "reason": "KubeletHasSufficientMemory",
                        "status": "False",
                        "type": "MemoryPressure"
                    },
                    {
                        "lastHeartbeatTime": "2020-08-03T13:20:13Z",
                        "lastTransitionTime": "2020-08-02T14:09:12Z",
                        "message": "kubelet has no disk pressure",
                        "reason": "KubeletHasNoDiskPressure",
                        "status": "False",
                        "type": "DiskPressure"
                    },
                    {
                        "lastHeartbeatTime": "2020-08-03T13:20:13Z",
                        "lastTransitionTime": "2020-08-02T14:09:12Z",
                        "message": "kubelet has sufficient PID available",
                        "reason": "KubeletHasSufficientPID",
                        "status": "False",
                        "type": "PIDPressure"
                    },
                    {
                        "lastHeartbeatTime": "2020-08-03T13:20:13Z",
                        "lastTransitionTime": "2020-08-02T14:09:22Z",
                        "message": "kubelet is posting ready status. AppArmor enabled",
                        "reason": "KubeletReady",
                        "status": "True",
                        "type": "Ready"
                    }
                ],
                "daemonEndpoints": {
                    "kubeletEndpoint": {
                        "Port": 10250
                    }
                },
                "images": [
                    {
                        "names": [
                            "kopeio/etcd-manager@sha256:08d90e866611142896c18c325d6b058d0aa0993f5b255807c17610a75cbe7392",
                            "kopeio/etcd-manager:3.0.20200531"
                        ],
                        "sizeBytes": 753910355
                    },
                    {
                        "names": [
                            "protokube:1.17.1"
                        ],
                        "sizeBytes": 277310156
                    },
                    {
                        "names": [
                            "k8s.gcr.io/kube-apiserver@sha256:9d9f9b92e7c88b74618ee6e063886ad6aedd9c144c41702f4eded0f01d221536",
                            "k8s.gcr.io/kube-apiserver:v1.17.9"
                        ],
                        "sizeBytes": 171092763
                    },
                    {
                        "names": [
                            "k8s.gcr.io/kube-controller-manager@sha256:44fe07451d8e06de8dbe90a3840f844943a28eea25dc9048ce47b149b4e70025",
                            "k8s.gcr.io/kube-controller-manager:v1.17.9"
                        ],
                        "sizeBytes": 160979739
                    },
                    {
                        "names": [
                            "kope/dns-controller@sha256:3f72c0fb333a738de3ca1f7af4a2f67bf327c9ef35575e4e1076dd46765fc838",
                            "kope/dns-controller:1.17.1"
                        ],
                        "sizeBytes": 117106014
                    },
                    {
                        "names": [
                            "k8s.gcr.io/kube-proxy@sha256:c10b65e55f5c121e3b6f293e1d89baad71a949d31569855c4f62a15920054ded",
                            "k8s.gcr.io/kube-proxy:v1.17.9"
                        ],
                        "sizeBytes": 116521281
                    },
                    {
                        "names": [
                            "k8s.gcr.io/kube-scheduler@sha256:5127fcc4861cf7ba0d2fc55a0d06a54f77c3e0cdbd6aaa32d76e95d8401d5ddb",
                            "k8s.gcr.io/kube-scheduler:v1.17.9"
                        ],
                        "sizeBytes": 94436123
                    },
                    {
                        "names": [
                            "kope/kops-controller@sha256:920e0401aa4e5d1a0f79c007eb68ad3a1a9f4a93a6d6ca09490951c4d415cc0b",
                            "kope/kops-controller:1.17.1"
                        ],
                        "sizeBytes": 76418391
                    },
                    {
                        "names": [
                            "kope/kube-apiserver-healthcheck@sha256:6f413b00612523ccce97728dfe3a1856b46d125a15303a3202f03b6d9e045901",
                            "kope/kube-apiserver-healthcheck:1.17.1"
                        ],
                        "sizeBytes": 23018045
                    },
                    {
                        "names": [
                            "k8s.gcr.io/pause-amd64@sha256:163ac025575b775d1c0f9bf0bdd0f086883171eb475b5068e7defa4ca9e76516",
                            "k8s.gcr.io/pause-amd64:3.0"
                        ],
                        "sizeBytes": 746888
                    }
                ],
                "nodeInfo": {
                    "architecture": "amd64",
                    "bootID": "1c30d4ea-1d9b-434c-aa07-603eb88c7b07",
                    "containerRuntimeVersion": "docker://19.3.1",
                    "kernelVersion": "4.19.80+",
                    "kubeProxyVersion": "v1.17.9",
                    "kubeletVersion": "v1.17.9",
                    "machineID": "5ad267f684be13fe505a7748042a360a",
                    "operatingSystem": "linux",
                    "osImage": "Container-Optimized OS from Google",
                    "systemUUID": "5ad267f6-84be-13fe-505a-7748042a360a"
                }
            }
        },
        {
            "apiVersion": "v1",
            "kind": "Node",
            "metadata": {
                "annotations": {
                    "node.alpha.kubernetes.io/ttl": "0",
                    "volumes.kubernetes.io/controller-managed-attach-detach": "true"
                },
                "creationTimestamp": "2020-08-02T14:10:39Z",
                "labels": {
                    "beta.kubernetes.io/arch": "amd64",
                    "beta.kubernetes.io/instance-type": "n1-standard-4",
                    "beta.kubernetes.io/os": "linux",
                    "failure-domain.beta.kubernetes.io/region": "asia-southeast1",
                    "failure-domain.beta.kubernetes.io/zone": "asia-southeast1-a",
                    "kops.k8s.io/instancegroup": "nodes",
                    "kubernetes.io/arch": "amd64",
                    "kubernetes.io/hostname": "nodes-8zlg",
                    "kubernetes.io/os": "linux",
                    "kubernetes.io/role": "node",
                    "node-role.kubernetes.io/node": "",
                    "node.kubernetes.io/instance-type": "n1-standard-4",
                    "topology.kubernetes.io/region": "asia-southeast1",
                    "topology.kubernetes.io/zone": "asia-southeast1-a"
                },
                "name": "nodes-8zlg",
                "resourceVersion": "251208",
                "selfLink": "/api/v1/nodes/nodes-8zlg",
                "uid": "08d57ac9-cc68-4b59-a9ef-510b377cfe0b"
            },
            "spec": {
                "podCIDR": "100.96.1.0/24",
                "podCIDRs": [
                    "100.96.1.0/24"
                ],
                "providerID": "gce://tel4vn/asia-southeast1-a/nodes-8zlg"
            },
            "status": {
                "addresses": [
                    {
                        "address": "10.148.0.40",
                        "type": "InternalIP"
                    },
                    {
                        "address": "35.198.199.30",
                        "type": "ExternalIP"
                    },
                    {
                        "address": "nodes-8zlg.asia-southeast1-a.c.tel4vn.internal",
                        "type": "InternalDNS"
                    },
                    {
                        "address": "nodes-8zlg.asia-southeast1-a.c.tel4vn.internal",
                        "type": "Hostname"
                    }
                ],
                "allocatable": {
                    "attachable-volumes-gce-pd": "127",
                    "cpu": "4",
                    "ephemeral-storage": "117752448420",
                    "hugepages-2Mi": "0",
                    "memory": "15295200Ki",
                    "pods": "110"
                },
                "capacity": {
                    "attachable-volumes-gce-pd": "127",
                    "cpu": "4",
                    "ephemeral-storage": "127769584Ki",
                    "hugepages-2Mi": "0",
                    "memory": "15397600Ki",
                    "pods": "110"
                },
                "conditions": [
                    {
                        "lastHeartbeatTime": "2020-08-02T14:10:51Z",
                        "lastTransitionTime": "2020-08-02T14:10:51Z",
                        "message": "RouteController created a route",
                        "reason": "RouteCreated",
                        "status": "False",
                        "type": "NetworkUnavailable"
                    },
                    {
                        "lastHeartbeatTime": "2020-08-03T13:19:53Z",
                        "lastTransitionTime": "2020-08-02T15:40:39Z",
                        "message": "kubelet has sufficient memory available",
                        "reason": "KubeletHasSufficientMemory",
                        "status": "False",
                        "type": "MemoryPressure"
                    },
                    {
                        "lastHeartbeatTime": "2020-08-03T13:19:53Z",
                        "lastTransitionTime": "2020-08-02T15:40:39Z",
                        "message": "kubelet has no disk pressure",
                        "reason": "KubeletHasNoDiskPressure",
                        "status": "False",
                        "type": "DiskPressure"
                    },
                    {
                        "lastHeartbeatTime": "2020-08-03T13:19:53Z",
                        "lastTransitionTime": "2020-08-02T15:40:39Z",
                        "message": "kubelet has sufficient PID available",
                        "reason": "KubeletHasSufficientPID",
                        "status": "False",
                        "type": "PIDPressure"
                    },
                    {
                        "lastHeartbeatTime": "2020-08-03T13:19:53Z",
                        "lastTransitionTime": "2020-08-02T15:40:39Z",
                        "message": "kubelet is posting ready status. AppArmor enabled",
                        "reason": "KubeletReady",
                        "status": "True",
                        "type": "Ready"
                    }
                ],
                "daemonEndpoints": {
                    "kubeletEndpoint": {
                        "Port": 10250
                    }
                },
                "images": [
                    {
                        "names": [
                            "protokube:1.17.1"
                        ],
                        "sizeBytes": 277310156
                    },
                    {
                        "names": [
                            "k8s.gcr.io/kube-proxy@sha256:c10b65e55f5c121e3b6f293e1d89baad71a949d31569855c4f62a15920054ded",
                            "k8s.gcr.io/kube-proxy:v1.17.9"
                        ],
                        "sizeBytes": 116521281
                    },
                    {
                        "names": [
                            "k8s.gcr.io/k8s-dns-kube-dns-amd64@sha256:618a82fa66cf0c75e4753369a6999032372be7308866fc9afb381789b1e5ad52",
                            "k8s.gcr.io/k8s-dns-kube-dns-amd64:1.14.13"
                        ],
                        "sizeBytes": 51157394
                    },
                    {
                        "names": [
                            "k8s.gcr.io/k8s-dns-sidecar-amd64@sha256:cedc8fe2098dffc26d17f64061296b7aa54258a31513b6c52df271a98bb522b3",
                            "k8s.gcr.io/k8s-dns-sidecar-amd64:1.14.13"
                        ],
                        "sizeBytes": 42852039
                    },
                    {
                        "names": [
                            "k8s.gcr.io/k8s-dns-dnsmasq-nanny-amd64@sha256:45df3e8e0c551bd0c79cdba48ae6677f817971dcbd1eeed7fd1f9a35118410e4",
                            "k8s.gcr.io/k8s-dns-dnsmasq-nanny-amd64:1.14.13"
                        ],
                        "sizeBytes": 41372492
                    },
                    {
                        "names": [
                            "ghcr.io/hungtran84/hello-app@sha256:c62ead5b8c15c231f9e786250b07909daf6c266d0fcddd93fea882eb722c3be4",
                            "ghcr.io/hungtran84/hello-app:1.0"
                        ],
                        "sizeBytes": 9860419
                    },
                    {
                        "names": [
                            "busybox@sha256:400ee2ed939df769d4681023810d2e4fb9479b8401d97003c710d0e20f7c49c6",
                            "busybox:latest"
                        ],
                        "sizeBytes": 1223534
                    },
                    {
                        "names": [
                            "k8s.gcr.io/pause-amd64@sha256:163ac025575b775d1c0f9bf0bdd0f086883171eb475b5068e7defa4ca9e76516",
                            "k8s.gcr.io/pause-amd64:3.0"
                        ],
                        "sizeBytes": 746888
                    }
                ],
                "nodeInfo": {
                    "architecture": "amd64",
                    "bootID": "37f74849-c7f6-458b-8b88-fab101856d03",
                    "containerRuntimeVersion": "docker://19.3.1",
                    "kernelVersion": "4.19.80+",
                    "kubeProxyVersion": "v1.17.9",
                    "kubeletVersion": "v1.17.9",
                    "machineID": "77a85c70b6bbeae55190f8a7b4f4c833",
                    "operatingSystem": "linux",
                    "osImage": "Container-Optimized OS from Google",
                    "systemUUID": "77a85c70-b6bb-eae5-5190-f8a7b4f4c833"
                }
            }
        },
        {
            "apiVersion": "v1",
            "kind": "Node",
            "metadata": {
                "annotations": {
                    "node.alpha.kubernetes.io/ttl": "0",
                    "volumes.kubernetes.io/controller-managed-attach-detach": "true"
                },
                "creationTimestamp": "2020-08-02T14:10:39Z",
                "labels": {
                    "beta.kubernetes.io/arch": "amd64",
                    "beta.kubernetes.io/instance-type": "n1-standard-4",
                    "beta.kubernetes.io/os": "linux",
                    "failure-domain.beta.kubernetes.io/region": "asia-southeast1",
                    "failure-domain.beta.kubernetes.io/zone": "asia-southeast1-a",
                    "kops.k8s.io/instancegroup": "nodes",
                    "kubernetes.io/arch": "amd64",
                    "kubernetes.io/hostname": "nodes-bm4m",
                    "kubernetes.io/os": "linux",
                    "kubernetes.io/role": "node",
                    "node-role.kubernetes.io/node": "",
                    "node.kubernetes.io/instance-type": "n1-standard-4",
                    "topology.kubernetes.io/region": "asia-southeast1",
                    "topology.kubernetes.io/zone": "asia-southeast1-a"
                },
                "name": "nodes-bm4m",
                "resourceVersion": "251720",
                "selfLink": "/api/v1/nodes/nodes-bm4m",
                "uid": "e528ad3a-efa9-4a52-9965-07751102472e"
            },
            "spec": {
                "podCIDR": "100.96.2.0/24",
                "podCIDRs": [
                    "100.96.2.0/24"
                ],
                "providerID": "gce://tel4vn/asia-southeast1-a/nodes-bm4m"
            },
            "status": {
                "addresses": [
                    {
                        "address": "10.148.0.39",
                        "type": "InternalIP"
                    },
                    {
                        "address": "34.87.57.7",
                        "type": "ExternalIP"
                    },
                    {
                        "address": "nodes-bm4m.asia-southeast1-a.c.tel4vn.internal",
                        "type": "InternalDNS"
                    },
                    {
                        "address": "nodes-bm4m.asia-southeast1-a.c.tel4vn.internal",
                        "type": "Hostname"
                    }
                ],
                "allocatable": {
                    "attachable-volumes-gce-pd": "127",
                    "cpu": "4",
                    "ephemeral-storage": "117752448420",
                    "hugepages-2Mi": "0",
                    "memory": "15295200Ki",
                    "pods": "110"
                },
                "capacity": {
                    "attachable-volumes-gce-pd": "127",
                    "cpu": "4",
                    "ephemeral-storage": "127769584Ki",
                    "hugepages-2Mi": "0",
                    "memory": "15397600Ki",
                    "pods": "110"
                },
                "conditions": [
                    {
                        "lastHeartbeatTime": "2020-08-02T14:10:51Z",
                        "lastTransitionTime": "2020-08-02T14:10:51Z",
                        "message": "RouteController created a route",
                        "reason": "RouteCreated",
                        "status": "False",
                        "type": "NetworkUnavailable"
                    },
                    {
                        "lastHeartbeatTime": "2020-08-03T13:22:28Z",
                        "lastTransitionTime": "2020-08-02T14:10:39Z",
                        "message": "kubelet has sufficient memory available",
                        "reason": "KubeletHasSufficientMemory",
                        "status": "False",
                        "type": "MemoryPressure"
                    },
                    {
                        "lastHeartbeatTime": "2020-08-03T13:22:28Z",
                        "lastTransitionTime": "2020-08-02T14:10:39Z",
                        "message": "kubelet has no disk pressure",
                        "reason": "KubeletHasNoDiskPressure",
                        "status": "False",
                        "type": "DiskPressure"
                    },
                    {
                        "lastHeartbeatTime": "2020-08-03T13:22:28Z",
                        "lastTransitionTime": "2020-08-02T14:10:39Z",
                        "message": "kubelet has sufficient PID available",
                        "reason": "KubeletHasSufficientPID",
                        "status": "False",
                        "type": "PIDPressure"
                    },
                    {
                        "lastHeartbeatTime": "2020-08-03T13:22:28Z",
                        "lastTransitionTime": "2020-08-02T14:10:49Z",
                        "message": "kubelet is posting ready status. AppArmor enabled",
                        "reason": "KubeletReady",
                        "status": "True",
                        "type": "Ready"
                    }
                ],
                "daemonEndpoints": {
                    "kubeletEndpoint": {
                        "Port": 10250
                    }
                },
                "images": [
                    {
                        "names": [
                            "protokube:1.17.1"
                        ],
                        "sizeBytes": 277310156
                    },
                    {
                        "names": [
                            "nginx@sha256:deb724a427ea79face617392a5a471fdcb4cdb57f971ee6b7e492b90fecb199f",
                            "nginx:latest"
                        ],
                        "sizeBytes": 132484488
                    },
                    {
                        "names": [
                            "k8s.gcr.io/kube-proxy@sha256:c10b65e55f5c121e3b6f293e1d89baad71a949d31569855c4f62a15920054ded",
                            "k8s.gcr.io/kube-proxy:v1.17.9"
                        ],
                        "sizeBytes": 116521281
                    },
                    {
                        "names": [
                            "gcr.io/kubernetes-helm/tiller@sha256:89a693dfecd029474862d4ae1a646730114c1bf2d9f659f1d17cdfaa63fdf05c",
                            "gcr.io/kubernetes-helm/tiller:v2.16.9"
                        ],
                        "sizeBytes": 88046416
                    },
                    {
                        "names": [
                            "k8s.gcr.io/cluster-proportional-autoscaler-amd64@sha256:12370202895b621a2ac28226292e4578598f13c1502aa4d3ee90fff4325d9275",
                            "k8s.gcr.io/cluster-proportional-autoscaler-amd64:1.4.0"
                        ],
                        "sizeBytes": 45853555
                    },
                    {
                        "names": [
                            "k8s.gcr.io/metrics-server-amd64@sha256:c9c4e95068b51d6b33a9dccc61875df07dc650abbf4ac1a19d58b4628f89288b",
                            "k8s.gcr.io/metrics-server-amd64:v0.3.6"
                        ],
                        "sizeBytes": 39944451
                    },
                    {
                        "names": [
                            "ghcr.io/hungtran84/hello-app@sha256:c62ead5b8c15c231f9e786250b07909daf6c266d0fcddd93fea882eb722c3be4",
                            "ghcr.io/hungtran84/hello-app:1.0"
                        ],
                        "sizeBytes": 9860419
                    },
                    {
                        "names": [
                            "busybox@sha256:400ee2ed939df769d4681023810d2e4fb9479b8401d97003c710d0e20f7c49c6",
                            "busybox:latest"
                        ],
                        "sizeBytes": 1223534
                    },
                    {
                        "names": [
                            "k8s.gcr.io/pause-amd64@sha256:163ac025575b775d1c0f9bf0bdd0f086883171eb475b5068e7defa4ca9e76516",
                            "k8s.gcr.io/pause-amd64:3.0"
                        ],
                        "sizeBytes": 746888
                    }
                ],
                "nodeInfo": {
                    "architecture": "amd64",
                    "bootID": "208ddc33-5c05-41eb-8e1c-c5049db4af15",
                    "containerRuntimeVersion": "docker://19.3.1",
                    "kernelVersion": "4.19.80+",
                    "kubeProxyVersion": "v1.17.9",
                    "kubeletVersion": "v1.17.9",
                    "machineID": "2500757f80e8d7dc4797eed854f536e5",
                    "operatingSystem": "linux",
                    "osImage": "Container-Optimized OS from Google",
                    "systemUUID": "2500757f-80e8-d7dc-4797-eed854f536e5"
                }
            }
        },
        {
            "apiVersion": "v1",
            "kind": "Node",
            "metadata": {
                "annotations": {
                    "node.alpha.kubernetes.io/ttl": "0",
                    "volumes.kubernetes.io/controller-managed-attach-detach": "true"
                },
                "creationTimestamp": "2020-08-02T14:10:39Z",
                "labels": {
                    "beta.kubernetes.io/arch": "amd64",
                    "beta.kubernetes.io/instance-type": "n1-standard-4",
                    "beta.kubernetes.io/os": "linux",
                    "failure-domain.beta.kubernetes.io/region": "asia-southeast1",
                    "failure-domain.beta.kubernetes.io/zone": "asia-southeast1-a",
                    "kops.k8s.io/instancegroup": "nodes",
                    "kubernetes.io/arch": "amd64",
                    "kubernetes.io/hostname": "nodes-t3m1",
                    "kubernetes.io/os": "linux",
                    "kubernetes.io/role": "node",
                    "node-role.kubernetes.io/node": "",
                    "node.kubernetes.io/instance-type": "n1-standard-4",
                    "topology.kubernetes.io/region": "asia-southeast1",
                    "topology.kubernetes.io/zone": "asia-southeast1-a"
                },
                "name": "nodes-t3m1",
                "resourceVersion": "251233",
                "selfLink": "/api/v1/nodes/nodes-t3m1",
                "uid": "ca634e48-31ec-4e83-9e1e-6aeb4cf367fc"
            },
            "spec": {
                "podCIDR": "100.96.3.0/24",
                "podCIDRs": [
                    "100.96.3.0/24"
                ],
                "providerID": "gce://tel4vn/asia-southeast1-a/nodes-t3m1"
            },
            "status": {
                "addresses": [
                    {
                        "address": "10.148.0.38",
                        "type": "InternalIP"
                    },
                    {
                        "address": "34.87.171.111",
                        "type": "ExternalIP"
                    },
                    {
                        "address": "nodes-t3m1.asia-southeast1-a.c.tel4vn.internal",
                        "type": "InternalDNS"
                    },
                    {
                        "address": "nodes-t3m1.asia-southeast1-a.c.tel4vn.internal",
                        "type": "Hostname"
                    }
                ],
                "allocatable": {
                    "attachable-volumes-gce-pd": "127",
                    "cpu": "4",
                    "ephemeral-storage": "117752448420",
                    "hugepages-2Mi": "0",
                    "memory": "15295200Ki",
                    "pods": "110"
                },
                "capacity": {
                    "attachable-volumes-gce-pd": "127",
                    "cpu": "4",
                    "ephemeral-storage": "127769584Ki",
                    "hugepages-2Mi": "0",
                    "memory": "15397600Ki",
                    "pods": "110"
                },
                "conditions": [
                    {
                        "lastHeartbeatTime": "2020-08-02T14:10:51Z",
                        "lastTransitionTime": "2020-08-02T14:10:51Z",
                        "message": "RouteController created a route",
                        "reason": "RouteCreated",
                        "status": "False",
                        "type": "NetworkUnavailable"
                    },
                    {
                        "lastHeartbeatTime": "2020-08-03T13:20:00Z",
                        "lastTransitionTime": "2020-08-02T14:10:38Z",
                        "message": "kubelet has sufficient memory available",
                        "reason": "KubeletHasSufficientMemory",
                        "status": "False",
                        "type": "MemoryPressure"
                    },
                    {
                        "lastHeartbeatTime": "2020-08-03T13:20:00Z",
                        "lastTransitionTime": "2020-08-02T14:10:38Z",
                        "message": "kubelet has no disk pressure",
                        "reason": "KubeletHasNoDiskPressure",
                        "status": "False",
                        "type": "DiskPressure"
                    },
                    {
                        "lastHeartbeatTime": "2020-08-03T13:20:00Z",
                        "lastTransitionTime": "2020-08-02T14:10:38Z",
                        "message": "kubelet has sufficient PID available",
                        "reason": "KubeletHasSufficientPID",
                        "status": "False",
                        "type": "PIDPressure"
                    },
                    {
                        "lastHeartbeatTime": "2020-08-03T13:20:00Z",
                        "lastTransitionTime": "2020-08-02T14:10:49Z",
                        "message": "kubelet is posting ready status. AppArmor enabled",
                        "reason": "KubeletReady",
                        "status": "True",
                        "type": "Ready"
                    }
                ],
                "daemonEndpoints": {
                    "kubeletEndpoint": {
                        "Port": 10250
                    }
                },
                "images": [
                    {
                        "names": [
                            "protokube:1.17.1"
                        ],
                        "sizeBytes": 277310156
                    },
                    {
                        "names": [
                            "k8s.gcr.io/kube-proxy@sha256:c10b65e55f5c121e3b6f293e1d89baad71a949d31569855c4f62a15920054ded",
                            "k8s.gcr.io/kube-proxy:v1.17.9"
                        ],
                        "sizeBytes": 116521281
                    },
                    {
                        "names": [
                            "k8s.gcr.io/k8s-dns-kube-dns-amd64@sha256:618a82fa66cf0c75e4753369a6999032372be7308866fc9afb381789b1e5ad52",
                            "k8s.gcr.io/k8s-dns-kube-dns-amd64:1.14.13"
                        ],
                        "sizeBytes": 51157394
                    },
                    {
                        "names": [
                            "k8s.gcr.io/k8s-dns-sidecar-amd64@sha256:cedc8fe2098dffc26d17f64061296b7aa54258a31513b6c52df271a98bb522b3",
                            "k8s.gcr.io/k8s-dns-sidecar-amd64:1.14.13"
                        ],
                        "sizeBytes": 42852039
                    },
                    {
                        "names": [
                            "k8s.gcr.io/k8s-dns-dnsmasq-nanny-amd64@sha256:45df3e8e0c551bd0c79cdba48ae6677f817971dcbd1eeed7fd1f9a35118410e4",
                            "k8s.gcr.io/k8s-dns-dnsmasq-nanny-amd64:1.14.13"
                        ],
                        "sizeBytes": 41372492
                    },
                    {
                        "names": [
                            "ghcr.io/hungtran84/hello-app@sha256:c62ead5b8c15c231f9e786250b07909daf6c266d0fcddd93fea882eb722c3be4",
                            "ghcr.io/hungtran84/hello-app:1.0"
                        ],
                        "sizeBytes": 9860419
                    },
                    {
                        "names": [
                            "busybox@sha256:400ee2ed939df769d4681023810d2e4fb9479b8401d97003c710d0e20f7c49c6",
                            "busybox:latest"
                        ],
                        "sizeBytes": 1223534
                    },
                    {
                        "names": [
                            "k8s.gcr.io/pause-amd64@sha256:163ac025575b775d1c0f9bf0bdd0f086883171eb475b5068e7defa4ca9e76516",
                            "k8s.gcr.io/pause-amd64:3.0"
                        ],
                        "sizeBytes": 746888
                    }
                ],
                "nodeInfo": {
                    "architecture": "amd64",
                    "bootID": "80962b83-2029-4f72-be99-3ac8c717cc7b",
                    "containerRuntimeVersion": "docker://19.3.1",
                    "kernelVersion": "4.19.80+",
                    "kubeProxyVersion": "v1.17.9",
                    "kubeletVersion": "v1.17.9",
                    "machineID": "53f32a6a63853ce1fc83eda2d35aa538",
                    "operatingSystem": "linux",
                    "osImage": "Container-Optimized OS from Google",
                    "systemUUID": "53f32a6a-6385-3ce1-fc83-eda2d35aa538"
                }
            }
        }
    ],
    "kind": "List",
    "metadata": {
        "resourceVersion": "",
        "selfLink": ""
    }
}
