{
    "apiVersion": "v1",
    "items": [
        {
            "apiVersion": "v1",
            "kind": "Pod",
            "metadata": {
                "annotations": {
                    "kubernetes.io/limit-ranger": "LimitRanger plugin set: cpu request for container hello-app"
                },
                "creationTimestamp": "2020-08-03T13:11:40Z",
                "generateName": "hello-world-7f886656bb-",
                "labels": {
                    "app": "hello-world",
                    "pod-template-hash": "7f886656bb"
                },
                "name": "hello-world-7f886656bb-k69m4",
                "namespace": "default",
                "ownerReferences": [
                    {
                        "apiVersion": "apps/v1",
                        "blockOwnerDeletion": true,
                        "controller": true,
                        "kind": "ReplicaSet",
                        "name": "hello-world-7f886656bb",
                        "uid": "a876545b-f2a9-4996-b350-582a647dfb3b"
                    }
                ],
                "resourceVersion": "249712",
                "selfLink": "/api/v1/namespaces/default/pods/hello-world-7f886656bb-k69m4",
                "uid": "7ad3b951-f267-4804-a3f5-79bcb3bb03d5"
            },
            "spec": {
                "containers": [
                    {
                        "image": "ghcr.io/hungtran84/hello-app:1.0",
                        "imagePullPolicy": "IfNotPresent",
                        "name": "hello-app",
                        "resources": {
                            "requests": {
                                "cpu": "100m"
                            }
                        },
                        "terminationMessagePath": "/dev/termination-log",
                        "terminationMessagePolicy": "File",
                        "volumeMounts": [
                            {
                                "mountPath": "/var/run/secrets/kubernetes.io/serviceaccount",
                                "name": "default-token-qjtnp",
                                "readOnly": true
                            }
                        ]
                    }
                ],
                "dnsPolicy": "ClusterFirst",
                "enableServiceLinks": true,
                "nodeName": "nodes-bm4m",
                "priority": 0,
                "restartPolicy": "Always",
                "schedulerName": "default-scheduler",
                "securityContext": {},
                "serviceAccount": "default",
                "serviceAccountName": "default",
                "terminationGracePeriodSeconds": 30,
                "tolerations": [
                    {
                        "effect": "NoExecute",
                        "key": "node.kubernetes.io/not-ready",
                        "operator": "Exists",
                        "tolerationSeconds": 300
                    },
                    {
                        "effect": "NoExecute",
                        "key": "node.kubernetes.io/unreachable",
                        "operator": "Exists",
                        "tolerationSeconds": 300
                    }
                ],
                "volumes": [
                    {
                        "name": "default-token-qjtnp",
                        "secret": {
                            "defaultMode": 420,
                            "secretName": "default-token-qjtnp"
                        }
                    }
                ]
            },
            "status": {
                "conditions": [
                    {
                        "lastProbeTime": null,
                        "lastTransitionTime": "2020-08-03T13:11:40Z",
                        "status": "True",
                        "type": "Initialized"
                    },
                    {
                        "lastProbeTime": null,
                        "lastTransitionTime": "2020-08-03T13:11:41Z",
                        "status": "True",
                        "type": "Ready"
                    },
                    {
                        "lastProbeTime": null,
                        "lastTransitionTime": "2020-08-03T13:11:41Z",
                        "status": "True",
                        "type": "ContainersReady"
                    },
                    {
                        "lastProbeTime": null,
                        "lastTransitionTime": "2020-08-03T13:11:40Z",
                        "status": "True",
                        "type": "PodScheduled"
                    }
                ],
                "containerStatuses": [
                    {
                        "containerID": "docker://0c9d61e5580bd44600485c6e1f0f41b324db154ed71df54998f60c99ddeb4b55",
                        "image": "ghcr.io/hungtran84/hello-app:1.0",
                        "imageID": "docker-pullable://ghcr.io/hungtran84/hello-app@sha256:c62ead5b8c15c231f9e786250b07909daf6c266d0fcddd93fea882eb722c3be4",
                        "lastState": {},
                        "name": "hello-app",
                        "ready": true,
                        "restartCount": 0,
                        "started": true,
                        "state": {
                            "running": {
                                "startedAt": "2020-08-03T13:11:40Z"
                            }
                        }
                    }
                ],
                "hostIP": "10.148.0.39",
                "phase": "Running",
                "podIP": "100.96.2.14",
                "podIPs": [
                    {
                        "ip": "100.96.2.14"
                    }
                ],
                "qosClass": "Burstable",
                "startTime": "2020-08-03T13:11:40Z"
            }
        },
        {
            "apiVersion": "v1",
            "kind": "Pod",
            "metadata": {
                "annotations": {
                    "kubernetes.io/limit-ranger": "LimitRanger plugin set: cpu request for container hello-app"
                },
                "creationTimestamp": "2020-08-03T13:12:14Z",
                "generateName": "hello-world-7f886656bb-",
                "labels": {
                    "app": "hello-world",
                    "pod-template-hash": "7f886656bb"
                },
                "name": "hello-world-7f886656bb-t4gsd",
                "namespace": "default",
                "ownerReferences": [
                    {
                        "apiVersion": "apps/v1",
                        "blockOwnerDeletion": true,
                        "controller": true,
                        "kind": "ReplicaSet",
                        "name": "hello-world-7f886656bb",
                        "uid": "a876545b-f2a9-4996-b350-582a647dfb3b"
                    }
                ],
                "resourceVersion": "249831",
                "selfLink": "/api/v1/namespaces/default/pods/hello-world-7f886656bb-t4gsd",
                "uid": "385e4f9b-0880-44d1-923f-0518def8c8a2"
            },
            "spec": {
                "containers": [
                    {
                        "image": "ghcr.io/hungtran84/hello-app:1.0",
                        "imagePullPolicy": "IfNotPresent",
                        "name": "hello-app",
                        "resources": {
                            "requests": {
                                "cpu": "100m"
                            }
                        },
                        "terminationMessagePath": "/dev/termination-log",
                        "terminationMessagePolicy": "File",
                        "volumeMounts": [
                            {
                                "mountPath": "/var/run/secrets/kubernetes.io/serviceaccount",
                                "name": "default-token-qjtnp",
                                "readOnly": true
                            }
                        ]
                    }
                ],
                "dnsPolicy": "ClusterFirst",
                "enableServiceLinks": true,
                "nodeName": "nodes-t3m1",
                "priority": 0,
                "restartPolicy": "Always",
                "schedulerName": "default-scheduler",
                "securityContext": {},
                "serviceAccount": "default",
                "serviceAccountName": "default",
                "terminationGracePeriodSeconds": 30,
                "tolerations": [
                    {
                        "effect": "NoExecute",
                        "key": "node.kubernetes.io/not-ready",
                        "operator": "Exists",
                        "tolerationSeconds": 300
                    },
                    {
                        "effect": "NoExecute",
                        "key": "node.kubernetes.io/unreachable",
                        "operator": "Exists",
                        "tolerationSeconds": 300
                    }
                ],
                "volumes": [
                    {
                        "name": "default-token-qjtnp",
                        "secret": {
                            "defaultMode": 420,
                            "secretName": "default-token-qjtnp"
                        }
                    }
                ]
            },
            "status": {
                "conditions": [
                    {
                        "lastProbeTime": null,
                        "lastTransitionTime": "2020-08-03T13:12:14Z",
                        "status": "True",
                        "type": "Initialized"
                    },
                    {
                        "lastProbeTime": null,
                        "lastTransitionTime": "2020-08-03T13:12:16Z",
                        "status": "True",
                        "type": "Ready"
                    },
                    {
                        "lastProbeTime": null,
                        "lastTransitionTime": "2020-08-03T13:12:16Z",
                        "status": "True",
                        "type": "ContainersReady"
                    },
                    {
                        "lastProbeTime": null,
                        "lastTransitionTime": "2020-08-03T13:12:14Z",
                        "status": "True",
                        "type": "PodScheduled"
                    }
                ],
                "containerStatuses": [
                    {
                        "containerID": "docker://090b6b4a8130daff98b14ae2dea3bb435972d438e5fcea6637785934832521df",
                        "image": "ghcr.io/hungtran84/hello-app:1.0",
                        "imageID": "docker-pullable://ghcr.io/hungtran84/hello-app@sha256:c62ead5b8c15c231f9e786250b07909daf6c266d0fcddd93fea882eb722c3be4",
                        "lastState": {},
                        "name": "hello-app",
                        "ready": true,
                        "restartCount": 0,
                        "started": true,
                        "state": {
                            "running": {
                                "startedAt": "2020-08-03T13:12:15Z"
                            }
                        }
                    }
                ],
                "hostIP": "10.148.0.38",
                "phase": "Running",
                "podIP": "100.96.3.7",
                "podIPs": [
                    {
                        "ip": "100.96.3.7"
                    }
                ],
                "qosClass": "Burstable",
                "startTime": "2020-08-03T13:12:14Z"
            }
        },
        {
            "apiVersion": "v1",
            "kind": "Pod",
            "metadata": {
                "annotations": {
                    "kubernetes.io/limit-ranger": "LimitRanger plugin set: cpu request for container hello-app"
                },
                "creationTimestamp": "2020-08-03T13:12:14Z",
                "generateName": "hello-world-7f886656bb-",
                "labels": {
                    "app": "hello-world",
                    "pod-template-hash": "7f886656bb"
                },
                "name": "hello-world-7f886656bb-wgnvs",
                "namespace": "default",
                "ownerReferences": [
                    {
                        "apiVersion": "apps/v1",
                        "blockOwnerDeletion": true,
                        "controller": true,
                        "kind": "ReplicaSet",
                        "name": "hello-world-7f886656bb",
                        "uid": "a876545b-f2a9-4996-b350-582a647dfb3b"
                    }
                ],
                "resourceVersion": "249835",
                "selfLink": "/api/v1/namespaces/default/pods/hello-world-7f886656bb-wgnvs",
                "uid": "4157c40b-b8f9-4c01-a09d-e0c51b454193"
            },
            "spec": {
                "containers": [
                    {
                        "image": "ghcr.io/hungtran84/hello-app:1.0",
                        "imagePullPolicy": "IfNotPresent",
                        "name": "hello-app",
                        "resources": {
                            "requests": {
                                "cpu": "100m"
                            }
                        },
                        "terminationMessagePath": "/dev/termination-log",
                        "terminationMessagePolicy": "File",
                        "volumeMounts": [
                            {
                                "mountPath": "/var/run/secrets/kubernetes.io/serviceaccount",
                                "name": "default-token-qjtnp",
                                "readOnly": true
                            }
                        ]
                    }
                ],
                "dnsPolicy": "ClusterFirst",
                "enableServiceLinks": true,
                "nodeName": "nodes-8zlg",
                "priority": 0,
                "restartPolicy": "Always",
                "schedulerName": "default-scheduler",
                "securityContext": {},
                "serviceAccount": "default",
                "serviceAccountName": "default",
                "terminationGracePeriodSeconds": 30,
                "tolerations": [
                    {
                        "effect": "NoExecute",
                        "key": "node.kubernetes.io/not-ready",
                        "operator": "Exists",
                        "tolerationSeconds": 300
                    },
                    {
                        "effect": "NoExecute",
                        "key": "node.kubernetes.io/unreachable",
                        "operator": "Exists",
                        "tolerationSeconds": 300
                    }
                ],
                "volumes": [
                    {
                        "name": "default-token-qjtnp",
                        "secret": {
                            "defaultMode": 420,
                            "secretName": "default-token-qjtnp"
                        }
                    }
                ]
            },
            "status": {
                "conditions": [
                    {
                        "lastProbeTime": null,
                        "lastTransitionTime": "2020-08-03T13:12:14Z",
                        "status": "True",
                        "type": "Initialized"
                    },
                    {
                        "lastProbeTime": null,
                        "lastTransitionTime": "2020-08-03T13:12:16Z",
                        "status": "True",
                        "type": "Ready"
                    },
                    {
                        "lastProbeTime": null,
                        "lastTransitionTime": "2020-08-03T13:12:16Z",
                        "status": "True",
                        "type": "ContainersReady"
                    },
                    {
                        "lastProbeTime": null,
                        "lastTransitionTime": "2020-08-03T13:12:14Z",
                        "status": "True",
                        "type": "PodScheduled"
                    }
                ],
                "containerStatuses": [
                    {
                        "containerID": "docker://69a2d58d479b02405f30d45eab8e6adb33e05b153ce801406e408613e78a56b9",
                        "image": "ghcr.io/hungtran84/hello-app:1.0",
                        "imageID": "docker-pullable://ghcr.io/hungtran84/hello-app@sha256:c62ead5b8c15c231f9e786250b07909daf6c266d0fcddd93fea882eb722c3be4",
                        "lastState": {},
                        "name": "hello-app",
                        "ready": true,
                        "restartCount": 0,
                        "started": true,
                        "state": {
                            "running": {
                                "startedAt": "2020-08-03T13:12:15Z"
                            }
                        }
                    }
                ],
                "hostIP": "10.148.0.40",
                "phase": "Running",
                "podIP": "100.96.1.8",
                "podIPs": [
                    {
                        "ip": "100.96.1.8"
                    }
                ],
                "qosClass": "Burstable",
                "startTime": "2020-08-03T13:12:14Z"
            }
        }
    ],
    "kind": "List",
    "metadata": {
        "resourceVersion": "",
        "selfLink": ""
    }
}
