{
    "apiVersion": "v1",
    "kind": "Service",
    "metadata": {
        "labels": {
            "app": "hello-world"
        },
        "name": "hello-world"
    },
    "spec": {
        "clusterIP": "10.104.149.67",
        "ports": [
            {
                "nodePort": 31629,
                "port": 80,
                "protocol": "TCP",
                "targetPort": 8080
            }
        ],
        "selector": {
            "app": "hello-world"
        },
        "sessionAffinity": "None",
        "type": "NodePort"
    }
}